Workbook

Sheet ticket
A1: 📋 TICKET DATA — Source Sheet
A2: ticket_id | B2: created_at | C2: closed_at | D2: outlet_id | E2: cms_id
A3: isu-sjd-457 | B3: 2021-08-19 16:45:43 | C3: 2021-08-22 12:33:32 | D3: wrqy-juv-978 | E3: vew-iuvd-12
A4: qer-fal-092 | B4: 2021-08-21 11:09:22 | C4: 2021-08-21 17:13:45 | D4: 8woh-k3u-23b | E4: cms-wer-201
A5: abc-lmn-103 | B5: 2021-08-21 08:30:00 | C5: 2021-08-21 08:55:10 | D5: wrqy-juv-978 | E5: cms-xyz-301
A6: bcd-nop-204 | B6: 2021-08-22 09:00:00 | C6: 2021-08-23 10:15:00 | D6: out-pqr-456 | E6: cms-abc-401
A7: cde-qrs-305 | B7: 2021-08-22 14:00:00 | C7: 2021-08-22 14:45:00 | D7: 8woh-k3u-23b | E7: cms-def-501
A8: def-tuv-406 | B8: 2021-08-23 10:00:00 | C8: 2021-08-24 11:00:00 | D8: out-pqr-456 | E8: cms-ghi-601
A9: efg-wxy-507 | B9: 2021-08-23 16:30:00 | C9: 2021-08-23 16:58:00 | D9: wrqy-juv-978 | E9: cms-jkl-701
A10: fgh-yza-608 | B10: 2021-08-24 08:00:00 | C10: 2021-08-25 09:00:00 | D10: out-pqr-456 | E10: cms-mno-801
A11: ghi-bcd-709 | B11: 2021-08-24 11:00:00 | C11: 2021-08-24 11:30:00 | D11: 8woh-k3u-23b | E11: cms-pqr-901
A12: hij-efg-810 | B12: 2021-08-25 13:00:00 | C12: 2021-08-25 13:10:00 | D12: wrqy-juv-978 | E12: cms-stu-101
A13: ijk-hij-911 | B13: 2021-08-25 15:00:00 | C13: 2021-08-26 15:00:00 | D13: out-pqr-456 | E13: cms-vwx-111
A14: jkl-klm-012 | B14: 2021-08-26 09:30:00 | C14: 2021-08-26 09:55:00 | D14: 8woh-k3u-23b | E14: cms-yza-121

Sheet feedbacks
A1: 💬 FEEDBACKS — With Lookup Formulas & Time Analysis
A2: BASE DATA + Q1: VLOOKUP ticket_created_at | E2: Q2 HELPER COLUMNS | G2: LOOKUP SUPPORT | I2: OUTLET
A3: cms_id | B3: feedback_at | C3: feedback_rating | D3: ticket_created_at (VLOOKUP ← Q1) | E3: same_day? (Helper ← Q2a) | F3: same_hour? (Helper ← Q2b) | G3: ticket_closed_at (VLOOKUP) | H3: date_created (INT formula) | I3: outlet_id (VLOOKUP)
A4: vew-iuvd-12 | B4: 2021-08-21 13:26:48 | C4: 3 | D4: =IFERROR(INDEX(ticket!$B:$B,MATCH(A4,ticket!$E:$E,0)),"NOT FOUND") -> 2021-08-19 16:45:43 | E4: =IF(OR(D4="NOT FOUND",G4="NOT FOUND"),"N/A",IF(LEFT(D4,10)=LEFT(G4,10),"YES","NO")) -> NO | F4: =IF(E4<>"YES","NO",IF(MID(D4,12,2)=MID(G4,12,2),"YES","NO")) -> NO | G4: =IFERROR(INDEX(ticket!$C:$C,MATCH(A4,ticket!$E:$E,0)),"NOT FOUND") -> 2021-08-22 12:33:32 | H4: =IFERROR(DATEVALUE(LEFT(D4,10)),"ERR") -> 44427 | I4: =IFERROR(INDEX(ticket!$D:$D,MATCH(A4,ticket!$E:$E,0)),"") -> wrqy-juv-978
A5: cms-wer-201 | B5: 2021-08-22 10:00:00 | C5: 5 | D5: =IFERROR(INDEX(ticket!$B:$B,MATCH(A5,ticket!$E:$E,0)),"NOT FOUND") -> 2021-08-21 11:09:22 | E5: =IF(OR(D5="NOT FOUND",G5="NOT FOUND"),"N/A",IF(LEFT(D5,10)=LEFT(G5,10),"YES","NO")) -> YES | F5: =IF(E5<>"YES","NO",IF(MID(D5,12,2)=MID(G5,12,2),"YES","NO")) -> NO | G5: =IFERROR(INDEX(ticket!$C:$C,MATCH(A5,ticket!$E:$E,0)),"NOT FOUND") -> 2021-08-21 17:13:45 | H5: =IFERROR(DATEVALUE(LEFT(D5,10)),"ERR") -> 44429 | I5: =IFERROR(INDEX(ticket!$D:$D,MATCH(A5,ticket!$E:$E,0)),"") -> 8woh-k3u-23b
A6: cms-xyz-301 | B6: 2021-08-22 09:30:00 | C6: 4 | D6: =IFERROR(INDEX(ticket!$B:$B,MATCH(A6,ticket!$E:$E,0)),"NOT FOUND") -> 2021-08-21 08:30:00 | E6: =IF(OR(D6="NOT FOUND",G6="NOT FOUND"),"N/A",IF(LEFT(D6,10)=LEFT(G6,10),"YES","NO")) -> YES | F6: =IF(E6<>"YES","NO",IF(MID(D6,12,2)=MID(G6,12,2),"YES","NO")) -> YES | G6: =IFERROR(INDEX(ticket!$C:$C,MATCH(A6,ticket!$E:$E,0)),"NOT FOUND") -> 2021-08-21 08:55:10 | H6: =IFERROR(DATEVALUE(LEFT(D6,10)),"ERR") -> 44429 | I6: =IFERROR(INDEX(ticket!$D:$D,MATCH(A6,ticket!$E:$E,0)),"") -> wrqy-juv-978
A7: cms-abc-401 | B7: 2021-08-24 12:00:00 | C7: 2 | D7: =IFERROR(INDEX(ticket!$B:$B,MATCH(A7,ticket!$E:$E,0)),"NOT FOUND") -> 2021-08-22 09:00:00 | E7: =IF(OR(D7="NOT FOUND",G7="NOT FOUND"),"N/A",IF(LEFT(D7,10)=LEFT(G7,10),"YES","NO")) -> NO | F7: =IF(E7<>"YES","NO",IF(MID(D7,12,2)=MID(G7,12,2),"YES","NO")) -> NO | G7: =IFERROR(INDEX(ticket!$C:$C,MATCH(A7,ticket!$E:$E,0)),"NOT FOUND") -> 2021-08-23 10:15:00 | H7: =IFERROR(DATEVALUE(LEFT(D7,10)),"ERR") -> 44430 | I7: =IFERROR(INDEX(ticket!$D:$D,MATCH(A7,ticket!$E:$E,0)),"") -> out-pqr-456
A8: cms-def-501 | B8: 2021-08-23 09:00:00 | C8: 5 | D8: =IFERROR(INDEX(ticket!$B:$B,MATCH(A8,ticket!$E:$E,0)),"NOT FOUND") -> 2021-08-22 14:00:00 | E8: =IF(OR(D8="NOT FOUND",G8="NOT FOUND"),"N/A",IF(LEFT(D8,10)=LEFT(G8,10),"YES","NO")) -> YES | F8: =IF(E8<>"YES","NO",IF(MID(D8,12,2)=MID(G8,12,2),"YES","NO")) -> YES | G8: =IFERROR(INDEX(ticket!$C:$C,MATCH(A8,ticket!$E:$E,0)),"NOT FOUND") -> 2021-08-22 14:45:00 | H8: =IFERROR(DATEVALUE(LEFT(D8,10)),"ERR") -> 44430 | I8: =IFERROR(INDEX(ticket!$D:$D,MATCH(A8,ticket!$E:$E,0)),"") -> 8woh-k3u-23b
A9: cms-ghi-601 | B9: 2021-08-25 08:00:00 | C9: 3 | D9: =IFERROR(INDEX(ticket!$B:$B,MATCH(A9,ticket!$E:$E,0)),"NOT FOUND") -> 2021-08-23 10:00:00 | E9: =IF(OR(D9="NOT FOUND",G9="NOT FOUND"),"N/A",IF(LEFT(D9,10)=LEFT(G9,10),"YES","NO")) -> NO | F9: =IF(E9<>"YES","NO",IF(MID(D9,12,2)=MID(G9,12,2),"YES","NO")) -> NO | G9: =IFERROR(INDEX(ticket!$C:$C,MATCH(A9,ticket!$E:$E,0)),"NOT FOUND") -> 2021-08-24 11:00:00 | H9: =IFERROR(DATEVALUE(LEFT(D9,10)),"ERR") -> 44431 | I9: =IFERROR(INDEX(ticket!$D:$D,MATCH(A9,ticket!$E:$E,0)),"") -> out-pqr-456
A10: cms-jkl-701 | B10: 2021-08-24 17:00:00 | C10: 4 | D10: =IFERROR(INDEX(ticket!$B:$B,MATCH(A10,ticket!$E:$E,0)),"NOT FOUND") -> 2021-08-23 16:30:00 | E10: =IF(OR(D10="NOT FOUND",G10="NOT FOUND"),"N/A",IF(LEFT(D10,10)=LEFT(G10,10),"YES","NO")) -> YES | F10: =IF(E10<>"YES","NO",IF(MID(D10,12,2)=MID(G10,12,2),"YES","NO")) -> YES | G10: =IFERROR(INDEX(ticket!$C:$C,MATCH(A10,ticket!$E:$E,0)),"NOT FOUND") -> 2021-08-23 16:58:00 | H10: =IFERROR(DATEVALUE(LEFT(D10,10)),"ERR") -> 44431 | I10: =IFERROR(INDEX(ticket!$D:$D,MATCH(A10,ticket!$E:$E,0)),"") -> wrqy-juv-978
A11: cms-mno-801 | B11: 2021-08-26 10:00:00 | C11: 1 | D11: =IFERROR(INDEX(ticket!$B:$B,MATCH(A11,ticket!$E:$E,0)),"NOT FOUND") -> 2021-08-24 08:00:00 | E11: =IF(OR(D11="NOT FOUND",G11="NOT FOUND"),"N/A",IF(LEFT(D11,10)=LEFT(G11,10),"YES","NO")) -> NO | F11: =IF(E11<>"YES","NO",IF(MID(D11,12,2)=MID(G11,12,2),"YES","NO")) -> NO | G11: =IFERROR(INDEX(ticket!$C:$C,MATCH(A11,ticket!$E:$E,0)),"NOT FOUND") -> 2021-08-25 09:00:00 | H11: =IFERROR(DATEVALUE(LEFT(D11,10)),"ERR") -> 44432 | I11: =IFERROR(INDEX(ticket!$D:$D,MATCH(A11,ticket!$E:$E,0)),"") -> out-pqr-456
A12: cms-pqr-901 | B12: 2021-08-25 12:00:00 | C12: 5 | D12: =IFERROR(INDEX(ticket!$B:$B,MATCH(A12,ticket!$E:$E,0)),"NOT FOUND") -> 2021-08-24 11:00:00 | E12: =IF(OR(D12="NOT FOUND",G12="NOT FOUND"),"N/A",IF(LEFT(D12,10)=LEFT(G12,10),"YES","NO")) -> YES | F12: =IF(E12<>"YES","NO",IF(MID(D12,12,2)=MID(G12,12,2),"YES","NO")) -> YES | G12: =IFERROR(INDEX(ticket!$C:$C,MATCH(A12,ticket!$E:$E,0)),"NOT FOUND") -> 2021-08-24 11:30:00 | H12: =IFERROR(DATEVALUE(LEFT(D12,10)),"ERR") -> 44432 | I12: =IFERROR(INDEX(ticket!$D:$D,MATCH(A12,ticket!$E:$E,0)),"") -> 8woh-k3u-23b
A13: cms-stu-101 | B13: 2021-08-26 09:00:00 | C13: 4 | D13: =IFERROR(INDEX(ticket!$B:$B,MATCH(A13,ticket!$E:$E,0)),"NOT FOUND") -> 2021-08-25 13:00:00 | E13: =IF(OR(D13="NOT FOUND",G13="NOT FOUND"),"N/A",IF(LEFT(D13,10)=LEFT(G13,10),"YES","NO")) -> YES | F13: =IF(E13<>"YES","NO",IF(MID(D13,12,2)=MID(G13,12,2),"YES","NO")) -> YES | G13: =IFERROR(INDEX(ticket!$C:$C,MATCH(A13,ticket!$E:$E,0)),"NOT FOUND") -> 2021-08-25 13:10:00 | H13: =IFERROR(DATEVALUE(LEFT(D13,10)),"ERR") -> 44433 | I13: =IFERROR(INDEX(ticket!$D:$D,MATCH(A13,ticket!$E:$E,0)),"") -> wrqy-juv-978
A14: cms-vwx-111 | B14: 2021-08-27 11:00:00 | C14: 2 | D14: =IFERROR(INDEX(ticket!$B:$B,MATCH(A14,ticket!$E:$E,0)),"NOT FOUND") -> 2021-08-25 15:00:00 | E14: =IF(OR(D14="NOT FOUND",G14="NOT FOUND"),"N/A",IF(LEFT(D14,10)=LEFT(G14,10),"YES","NO")) -> NO | F14: =IF(E14<>"YES","NO",IF(MID(D14,12,2)=MID(G14,12,2),"YES","NO")) -> NO | G14: =IFERROR(INDEX(ticket!$C:$C,MATCH(A14,ticket!$E:$E,0)),"NOT FOUND") -> 2021-08-26 15:00:00 | H14: =IFERROR(DATEVALUE(LEFT(D14,10)),"ERR") -> 44433 | I14: =IFERROR(INDEX(ticket!$D:$D,MATCH(A14,ticket!$E:$E,0)),"") -> out-pqr-456
A15: cms-yza-121 | B15: 2021-08-27 08:30:00 | C15: 5 | D15: =IFERROR(INDEX(ticket!$B:$B,MATCH(A15,ticket!$E:$E,0)),"NOT FOUND") -> 2021-08-26 09:30:00 | E15: =IF(OR(D15="NOT FOUND",G15="NOT FOUND"),"N/A",IF(LEFT(D15,10)=LEFT(G15,10),"YES","NO")) -> YES | F15: =IF(E15<>"YES","NO",IF(MID(D15,12,2)=MID(G15,12,2),"YES","NO")) -> YES | G15: =IFERROR(INDEX(ticket!$C:$C,MATCH(A15,ticket!$E:$E,0)),"NOT FOUND") -> 2021-08-26 09:55:00 | H15: =IFERROR(DATEVALUE(LEFT(D15,10)),"ERR") -> 44434 | I15: =IFERROR(INDEX(ticket!$D:$D,MATCH(A15,ticket!$E:$E,0)),"") -> 8woh-k3u-23b

Sheet Outlet_Summary
A1: 📊 Q2 ANSWER — Outlet-wise Ticket Count (Same Day & Same Hour)
A2: Tickets created AND closed on the SAME DAY / SAME HOUR — by Outlet
A3: Outlet ID | B3: Total Feedbacks | C3: Closed Same Day (Q2a) | D3: Closed Same Hour (Q2b) | E3: Same-Day Rate %
A4: wrqy-juv-978 | B4: =COUNTIF(feedbacks!$I:$I,A4) -> 4 | C4: =COUNTIFS(feedbacks!$I:$I,A4,feedbacks!$E:$E,"YES") -> 3 | D4: =COUNTIFS(feedbacks!$I:$I,A4,feedbacks!$F:$F,"YES") -> 3 | E4: =IFERROR(C4/B4,0) -> 0.75
A5: 8woh-k3u-23b | B5: =COUNTIF(feedbacks!$I:$I,A5) -> 4 | C5: =COUNTIFS(feedbacks!$I:$I,A5,feedbacks!$E:$E,"YES") -> 4 | D5: =COUNTIFS(feedbacks!$I:$I,A5,feedbacks!$F:$F,"YES") -> 3 | E5: =IFERROR(C5/B5,0) -> 1
A6: out-pqr-456 | B6: =COUNTIF(feedbacks!$I:$I,A6) -> 4 | C6: =COUNTIFS(feedbacks!$I:$I,A6,feedbacks!$E:$E,"YES") -> 0 | D6: =COUNTIFS(feedbacks!$I:$I,A6,feedbacks!$F:$F,"YES") -> 0 | E6: =IFERROR(C6/B6,0) -> 0
A7: TOTAL | B7: =SUM(B4:B6) -> 12 | C7: =SUM(C4:C6) -> 7 | D7: =SUM(D4:D6) -> 6 | E7: =IFERROR(C7/B7,0) -> 0.58333333

Sheet Formula_Guide
A1: 📖 FORMULA GUIDE — Step-by-Step Explanation
A3: Q1 — Populate ticket_created_at in feedbacks sheet
A4: Goal: Pull the 'created_at' timestamp from the ticket sheet into the feedbacks sheet, matching rows by cms_id.
A5: WHY INDEX-MATCH instead of VLOOKUP? VLOOKUP only looks LEFT-to-RIGHT and requires the lookup key (cms_id) to be the FIRST column of the range. In the ticket sheet, cms_id is the LAST column (E), so VLOOKUP cannot be used directly. INDEX-MATCH has no such restriction.
A6: =IFERROR(INDEX(ticket!$B:$B, MATCH(A4, ticket!$E:$E, 0)), "NOT FOUND") -> NOT FOUND
A7: • MATCH(A4, ticket!$E:$E, 0) → finds the ROW number where cms_id matches
A8: • INDEX(ticket!$B:$B, …) → returns the value in column B (created_at) at that row
A9: • IFERROR(…, "NOT FOUND") → handles cms_ids that don't exist in ticket sheet
A11: VLOOKUP Alternative (if cms_id were the FIRST column in ticket):
A12: '=VLOOKUP(A4, ticket!$A:$E, 2, FALSE()) ← returns column 2 (created_at)
A13: This would only work if ticket columns were: cms_id | created_at | ... (cms_id first)
A15: Q2a — Count tickets created AND closed on the SAME DAY (per outlet)
A16: Step 1: Create helper column 'same_day?' in the feedbacks sheet.
A17: Compare the DATE portion of ticket_created_at vs ticket_closed_at.
A18: same_day? =IF(OR(D4="NOT FOUND",G4="NOT FOUND"),"N/A", IF(LEFT(D4,10)=LEFT(G4,10),"YES","NO"))
A19: • LEFT(D4, 10) extracts 'YYYY-MM-DD' (first 10 characters of the timestamp string)
A20: • If both date portions are equal → ticket was closed on the SAME DAY it was created
... A46: MID(x,18,2) → 22 ← SECOND portion
